{"cameraMode":{"drawMode":0,"name":"Shaded","section":"Shading Mode"},"sceneLighting":true,"audioPlay":false,"sceneViewState":{"showFog":true,"showMaterialUpdate":false,"showSkybox":true,"showFlares":true,"showImageEffects":true,"showParticleSystems":true},"in2DMode":false,"pivot":{"x":371.9107971191406,"y":481.10400390625,"z":-25.181541442871095},"rotation":{"x":0.2453395128250122,"y":0.5068663954734802,"z":-0.15313266217708589,"w":0.8120696544647217},"size":826.198486328125,"orthographic":false}